cbsa_id,scen_1_access,scen_2_access,scen_3_access,scen_4_access,scen_5_access,100pct_hc_access,0pct_hc_access
10180,0.143845769,0.38406186,0.618045396,0.559962488,0.786211197,1,0
10420,0.13516601,0.358656098,0.574793345,0.525926041,0.735639051,1,0
10500,0.135428067,0.366433256,0.589683563,0.541210485,0.761360246,1,0
10540,0.12388209,0.331179212,0.531203791,0.494093693,0.692632459,1,0
10580,0.119997173,0.322190651,0.510681941,0.481310196,0.665651191,1,0
10740,0.13676979,0.362710944,0.580896771,0.532080941,0.744940556,1,0
10780,0.135264356,0.364248143,0.586168852,0.53759841,0.755464819,1,0
10900,0.127950133,0.328229815,0.521176269,0.488573333,0.680554542,1,0
11020,0.144474453,0.385589915,0.618195393,0.562119061,0.785954436,1,0
11100,0.139908004,0.373820814,0.601774808,0.546833802,0.768681611,1,0
11180,0.129967665,0.345716679,0.552314806,0.508607357,0.70874632,1,0
11260,0.126984642,0.337097719,0.540456218,0.5015418,0.702797706,1,0
11460,0.111763987,0.293826396,0.467338952,0.440636809,0.612845961,1,0
11500,0.143279195,0.383865007,0.618694818,0.560017954,0.787907064,1,0
11540,0.13723992,0.363781974,0.581579331,0.532246123,0.741552757,1,0
11700,0.137230466,0.36712847,0.587574649,0.538734346,0.753379049,1,0
12020,0.123077828,0.329697623,0.528804901,0.492038944,0.689683403,1,0
12060,0.129655501,0.343725533,0.550312989,0.506607893,0.709199139,1,0
12100,0.134565496,0.353887881,0.56481122,0.520713707,0.726099083,1,0
12220,0.127998769,0.342462019,0.546225657,0.507718373,0.707962269,1,0
12260,0.14061614,0.374856186,0.603058098,0.549410801,0.772034302,1,0
12420,0.111700658,0.298182339,0.473744195,0.447256369,0.621926684,1,0
12540,0.126282916,0.339810336,0.548335996,0.505867831,0.714128553,1,0
12580,0.124240811,0.313080868,0.496351334,0.468049536,0.652477376,1,0
12620,0.136104768,0.365074318,0.583255516,0.53614181,0.74631968,1,0
12700,0.143437745,0.380776798,0.610999109,0.555083293,0.777253332,1,0
12940,0.140631564,0.376118717,0.602766145,0.549085898,0.767835225,1,0
12980,0.14637713,0.390536623,0.626587894,0.566980221,0.793417286,1,0
13020,0.144165908,0.38347591,0.614299774,0.558308262,0.77975797,1,0
13140,0.1379973,0.367949527,0.591240423,0.538052704,0.754536034,1,0
13220,0.146880209,0.393265007,0.633508153,0.572652826,0.805348095,1,0
13380,0.121982942,0.326344655,0.520036119,0.484750858,0.67510594,1,0
13460,0.139896965,0.370831619,0.59707274,0.543193514,0.763578505,1,0
13740,0.132898896,0.355469948,0.571286531,0.525125635,0.737495917,1,0
13780,0.133697105,0.359288693,0.573187895,0.528835907,0.735109912,1,0
13820,0.13766208,0.366704586,0.587807849,0.536779765,0.751344242,1,0
13900,0.133686796,0.355111486,0.567566149,0.521271891,0.727785549,1,0
13980,0.125635291,0.335108617,0.538784309,0.498143262,0.699753743,1,0
14010,0.131411999,0.348456836,0.557535009,0.512431395,0.715138278,1,0
14020,0.135618938,0.361602908,0.578948898,0.531394373,0.742793655,1,0
14100,0.146191853,0.386002689,0.617672214,0.562347037,0.785214623,1,0
14260,0.137138981,0.365604925,0.586984437,0.536907084,0.752594999,1,0
14460,0.104153643,0.278291568,0.437103622,0.423688364,0.582324737,1,0
14500,0.123600609,0.325270784,0.51774828,0.481957662,0.671114931,1,0
14540,0.137033199,0.368634926,0.59152851,0.541941344,0.758815944,1,0
14740,0.129293949,0.343951374,0.553049049,0.509554746,0.715850846,1,0
14860,0.11777999,0.312396448,0.493757099,0.467592294,0.646660502,1,0
15180,0.138356391,0.368473948,0.592771979,0.540233936,0.75838993,1,0
15260,0.138650095,0.372298748,0.597844933,0.547491827,0.768748969,1,0
15380,0.125827443,0.337396711,0.537057766,0.500560973,0.69456198,1,0
15500,0.140172052,0.372955559,0.598490504,0.545848619,0.765387583,1,0
15540,0.117432733,0.313050917,0.494790567,0.469613269,0.648612889,1,0
15680,0.137815185,0.361555629,0.58139121,0.531498006,0.747168438,1,0
15940,0.137023726,0.364960299,0.585070334,0.535456107,0.748971033,1,0
15980,0.136328436,0.35911666,0.575159849,0.527419496,0.738500896,1,0
16020,0.144237921,0.385941855,0.620342284,0.56278679,0.788806155,1,0
16060,0.14471872,0.388799469,0.624271477,0.56725142,0.794536017,1,0
16180,0.139665225,0.374192436,0.599385922,0.547816647,0.766296665,1,0
16220,0.139781606,0.37440968,0.598615205,0.547913455,0.76494358,1,0
16300,0.140689396,0.373728382,0.599417614,0.545301151,0.762855388,1,0
16540,0.139692833,0.367124903,0.587734314,0.540023085,0.755303343,1,0
16580,0.138866629,0.369751618,0.592301119,0.540300867,0.754885933,1,0
16620,0.146574764,0.391614041,0.629011031,0.569674747,0.798165367,1,0
16700,0.126541217,0.335733858,0.536670897,0.498223156,0.696365471,1,0
16740,0.133183106,0.354100694,0.567635788,0.520730542,0.729772743,1,0
16820,0.122558905,0.322770762,0.516331874,0.481137969,0.673636902,1,0
16860,0.135776033,0.362995086,0.581926443,0.533149158,0.746388831,1,0
16940,0.123777049,0.32985279,0.528648948,0.494242395,0.692451035,1,0
16980,0.119524297,0.315476705,0.499922447,0.470262865,0.651872658,1,0
17020,0.119481844,0.321793061,0.51632669,0.482000973,0.676302318,1,0
17140,0.130127354,0.346039442,0.554025565,0.510183452,0.713042327,1,0
17300,0.13037779,0.349395179,0.563356478,0.517505568,0.728135382,1,0
17420,0.140479116,0.377080034,0.604739059,0.552724722,0.774128449,1,0
17460,0.131754272,0.349255284,0.557880704,0.51384687,0.716827436,1,0
17660,0.137034239,0.365949599,0.586558292,0.536454669,0.750261363,1,0
17780,0.124048225,0.333234154,0.534538671,0.496632129,0.696238283,1,0
17820,0.125193985,0.32982431,0.528215174,0.490122226,0.686513051,1,0
17860,0.13472772,0.361423469,0.579478961,0.531814984,0.744029181,1,0
17900,0.134938233,0.360483724,0.577162433,0.529522328,0.740697343,1,0
17980,0.129112604,0.346532229,0.558993386,0.513733921,0.724207761,1,0
18020,0.137586645,0.366369533,0.587574619,0.535862333,0.748977003,1,0
18140,0.12422376,0.330034788,0.528038094,0.49098589,0.686333604,1,0
18580,0.132933602,0.355574511,0.570803841,0.522771222,0.732212074,1,0
18700,0.12388209,0.331179212,0.531203791,0.494093693,0.692632459,1,0
18880,0.133249682,0.354897599,0.569413575,0.523480447,0.733967528,1,0
19060,0.144033299,0.381602817,0.61115252,0.556182404,0.776775954,1,0
19100,0.118412846,0.315379543,0.502929902,0.468934195,0.653627369,1,0
19140,0.138844317,0.373245745,0.598247706,0.547908395,0.767063869,1,0
19180,0.146726303,0.391252164,0.629235659,0.568402717,0.796973857,1,0
19300,0.147912862,0.395248373,0.632544606,0.574305005,0.801740491,1,0
19340,0.143086886,0.380193306,0.609360135,0.553605046,0.773917196,1,0
19430,0.13153991,0.349099506,0.56042581,0.515113859,0.721513118,1,0
19460,0.145099128,0.387282634,0.619337271,0.564093806,0.787321284,1,0
19500,0.142629688,0.379815303,0.610818338,0.552161594,0.774583728,1,0
19660,0.143593432,0.380573478,0.611023841,0.554165009,0.776573407,1,0
19740,0.123277241,0.32300543,0.513287778,0.478592451,0.666407506,1,0
19780,0.137723048,0.363909118,0.581757938,0.531723884,0.742378302,1,0
19820,0.136118075,0.358509776,0.573531426,0.525208457,0.734030757,1,0
20020,0.141002743,0.378618797,0.609371897,0.554449645,0.779027873,1,0
20100,0.134651527,0.3536976,0.568907558,0.522285798,0.734408276,1,0
20220,0.145697437,0.387291055,0.61898076,0.562463577,0.78354805,1,0
20260,0.147543364,0.393529326,0.630714921,0.570909137,0.797532688,1,0
20500,0.125479436,0.333074717,0.533088596,0.493660746,0.690881993,1,0
20700,0.143286323,0.381072324,0.60923373,0.556887142,0.777428033,1,0
20740,0.141279824,0.375768718,0.602440747,0.548955517,0.767235747,1,0
20940,0.124668745,0.336297583,0.541735815,0.501131377,0.7061915,1,0
21060,0.137492858,0.367534711,0.590996264,0.540975842,0.759109425,1,0
21140,0.139748336,0.372080242,0.594510879,0.543688452,0.758287708,1,0
21300,0.139843499,0.37550176,0.600675065,0.549821328,0.766883663,1,0
21340,0.135976862,0.362551478,0.583173345,0.532239685,0.747241297,1,0
21420,0.145300721,0.387938837,0.627838942,0.564911221,0.797956854,1,0
21500,0.134347006,0.358886116,0.573718625,0.528074514,0.736404983,1,0
21660,0.122757164,0.326454972,0.523493937,0.487069604,0.682210908,1,0
21780,0.14072851,0.375511754,0.602892659,0.547797941,0.76669222,1,0
21820,0.108191429,0.289859026,0.462895054,0.443621574,0.619088265,1,0
22020,0.131237244,0.347591663,0.552038882,0.509836744,0.70749938,1,0
22140,0.142781985,0.384357969,0.618064777,0.563187001,0.790938626,1,0
22180,0.125686371,0.338247234,0.546202276,0.504249068,0.712401919,1,0
22220,0.132117742,0.352605188,0.567174986,0.520105393,0.730049476,1,0
22380,0.130990388,0.348613215,0.557759325,0.513954464,0.7181501,1,0
22420,0.144927609,0.383526244,0.614444379,0.557224776,0.779283894,1,0
22500,0.140763193,0.37875071,0.606839378,0.554573409,0.775728464,1,0
22520,0.14111296,0.378472488,0.607257579,0.553100801,0.774000604,1,0
22540,0.138322736,0.367652853,0.589025695,0.537388219,0.750020683,1,0
22660,0.124503436,0.327997996,0.523437728,0.487596261,0.680501837,1,0
22900,0.139802167,0.375502643,0.604363336,0.550686854,0.773781553,1,0
23060,0.14055543,0.374213583,0.599571334,0.545301596,0.76170782,1,0
23420,0.120590774,0.324556516,0.522369312,0.484612797,0.68194124,1,0
23460,0.147433966,0.393558004,0.63259371,0.570905432,0.799899309,1,0
23540,0.124991582,0.335468494,0.535361083,0.498478987,0.695668955,1,0
23580,0.139862324,0.373224971,0.599145403,0.546531176,0.766887224,1,0
23900,0.139368421,0.366317641,0.586024269,0.539317882,0.753799948,1,0
24020,0.136186438,0.364824679,0.581741904,0.535334617,0.743792465,1,0
24140,0.130847386,0.352742051,0.56581653,0.525475668,0.737589632,1,0
24220,0.138571523,0.36743468,0.587305847,0.536683628,0.748344521,1,0
24260,0.143756641,0.38342262,0.617038239,0.559276094,0.78544927,1,0
24300,0.137965962,0.368508538,0.590385392,0.541089228,0.757246747,1,0
24340,0.136749238,0.36218358,0.578622565,0.530369085,0.739678471,1,0
24420,0.137370302,0.367829411,0.592509644,0.540755705,0.760607816,1,0
24500,0.140490602,0.374817604,0.604349612,0.549701039,0.773823869,1,0
24540,0.136214955,0.362483855,0.58149148,0.532389061,0.746232831,1,0
24580,0.139641779,0.370665529,0.593715488,0.541188546,0.755293392,1,0
24660,0.133416527,0.353729135,0.566596504,0.520245931,0.728621898,1,0
24780,0.11968568,0.317550157,0.510250106,0.476253412,0.669157721,1,0
24860,0.136963419,0.365382786,0.584645617,0.535594281,0.748530309,1,0
25060,0.137114245,0.366465638,0.58920764,0.537495114,0.75433415,1,0
25180,0.136378465,0.358723531,0.574867581,0.527621675,0.738222143,1,0
25220,0.145732469,0.389219526,0.624389845,0.566763101,0.793704507,1,0
25260,0.125096465,0.336430902,0.544320683,0.502551329,0.711621391,1,0
25420,0.130221015,0.339029999,0.540340673,0.503140783,0.701943677,1,0
25500,0.123927301,0.327063213,0.524562611,0.489549851,0.686782701,1,0
25540,0.120370567,0.319372141,0.506009936,0.475821441,0.658467091,1,0
25620,0.142344459,0.381476824,0.613171031,0.55711114,0.781544704,1,0
25860,0.141540227,0.3787817,0.6079469,0.554240737,0.776732028,1,0
25940,0.13457744,0.357466025,0.571955808,0.525396651,0.734097813,1,0
25980,0.124927568,0.33631294,0.542978986,0.503787765,0.711555073,1,0
26140,0.154969773,0.410359966,0.657192321,0.592505902,0.827848761,1,0
26300,0.142176689,0.380624125,0.612891837,0.556429548,0.782831819,1,0
26380,0.146704081,0.392391844,0.629304816,0.570170477,0.7972498,1,0
26420,0.122688296,0.326343558,0.52069762,0.482799313,0.673597622,1,0
26580,0.144255125,0.386288071,0.621503568,0.563140269,0.790857943,1,0
26620,0.136561456,0.364465264,0.584910174,0.53365979,0.747307763,1,0
26820,0.140748826,0.375993329,0.602280428,0.550008522,0.768730085,1,0
26900,0.130228305,0.345240748,0.553785389,0.509263706,0.713480662,1,0
26980,0.131802312,0.35042962,0.561441122,0.516022987,0.721847217,1,0
27060,0.101063739,0.272425918,0.430143485,0.416875047,0.575678279,1,0
27100,0.147252541,0.392977086,0.629214355,0.570057964,0.795295596,1,0
27140,0.138228114,0.36953172,0.594477468,0.541069422,0.759670296,1,0
27180,0.141765597,0.38017612,0.613323752,0.556295632,0.78326465,1,0
27260,0.1289816,0.343483715,0.550099552,0.507847682,0.711216217,1,0
27340,0.129464057,0.346532299,0.561025909,0.517172781,0.732257477,1,0
27500,0.135848277,0.361027805,0.576373997,0.529001354,0.7370897,1,0
27620,0.13919377,0.374152694,0.600346934,0.549205424,0.768424981,1,0
27740,0.138971441,0.37230898,0.597973042,0.545942206,0.76523263,1,0
27780,0.152185585,0.402578402,0.645351123,0.582106367,0.812977321,1,0
27860,0.136825093,0.368614375,0.594520083,0.542372983,0.763813636,1,0
27900,0.14111424,0.378253509,0.609426599,0.553705353,0.778334316,1,0
27980,0.126701607,0.33470793,0.54129805,0.49726019,0.70393823,1,0
28020,0.130140875,0.34599304,0.552851062,0.508639655,0.708494961,1,0
28100,0.133745426,0.356427027,0.573014552,0.524641402,0.736019237,1,0
28140,0.129626334,0.343485403,0.550969442,0.507324667,0.710579131,1,0
28420,0.129735971,0.34546923,0.554641507,0.510475968,0.71581412,1,0
28660,0.12943133,0.346362268,0.557752731,0.513910489,0.722592474,1,0
28700,0.146423987,0.39121335,0.628121547,0.569253811,0.797508333,1,0
28740,0.129834366,0.348168414,0.555939057,0.514575763,0.71654403,1,0
28940,0.13671884,0.363685596,0.582783498,0.533229264,0.746485483,1,0
29020,0.146366889,0.390221297,0.626787442,0.566924952,0.794179914,1,0
29100,0.141317787,0.375006121,0.600042809,0.546031979,0.761556205,1,0
29180,0.141142594,0.377647547,0.607168027,0.551896997,0.774574583,1,0
29200,0.139762921,0.37331114,0.599881192,0.54573122,0.764839694,1,0
29340,0.138774803,0.372509398,0.599235138,0.546584272,0.767905234,1,0
29420,0.139656407,0.374573722,0.601526975,0.550184173,0.772320584,1,0
29460,0.13607969,0.363815472,0.5835507,0.534769111,0.749295342,1,0
29540,0.130734261,0.336730547,0.534935501,0.499233497,0.695427425,1,0
29620,0.137257785,0.362761543,0.579895971,0.530123307,0.739770422,1,0
29700,0.128592538,0.344968426,0.555049111,0.510048458,0.717737065,1,0
29740,0.13663041,0.362574285,0.58233815,0.533629623,0.749578739,1,0
29820,0.116010408,0.308971886,0.494197865,0.463330768,0.648642605,1,0
29940,0.110400875,0.29283488,0.468119655,0.445495944,0.622668588,1,0
30020,0.136875363,0.366053823,0.593443164,0.539015989,0.763456494,1,0
30140,0.134791298,0.348174899,0.55477898,0.516099677,0.720621806,1,0
30300,0.14057439,0.376078411,0.604626941,0.550329473,0.771916753,1,0
30340,0.124429373,0.333635836,0.528816108,0.494935724,0.684224613,1,0
30460,0.128384341,0.342007685,0.548542766,0.506112653,0.708493427,1,0
30620,0.143072792,0.382466324,0.616415256,0.557690416,0.7848781,1,0
30700,0.13606115,0.360427447,0.577679158,0.527692929,0.738375178,1,0
30780,0.136072169,0.364777091,0.586399564,0.535913822,0.752119123,1,0
30860,0.137102162,0.365002628,0.584848951,0.536036879,0.749399486,1,0
30980,0.136891141,0.368339776,0.592120905,0.54142949,0.760248746,1,0
31020,0.134510614,0.360038617,0.579062478,0.529161081,0.743229113,1,0
31080,0.100834885,0.267716852,0.424683811,0.409122869,0.569443254,1,0
31140,0.134605728,0.357391117,0.572329573,0.524158118,0.732437172,1,0
31180,0.134510137,0.359796959,0.580057233,0.529127628,0.745002135,1,0
31340,0.135463278,0.360609501,0.577314189,0.529853215,0.740464158,1,0
31420,0.136003015,0.363455191,0.583541652,0.533830726,0.748400383,1,0
31460,0.130836912,0.352558076,0.572026922,0.522419432,0.740617002,1,0
31540,0.127613593,0.340081174,0.541668868,0.501667018,0.697436346,1,0
31700,0.114354223,0.303123713,0.477677353,0.4542316,0.626148566,1,0
31740,0.117726221,0.313861815,0.50516454,0.471990646,0.664015557,1,0
31860,0.142344944,0.377425063,0.603398863,0.549334196,0.765748358,1,0
31900,0.137963949,0.367864373,0.592777572,0.539691221,0.7592659,1,0
32580,0.139644028,0.374021276,0.600689723,0.548005865,0.768141275,1,0
32780,0.125615787,0.337107565,0.541237551,0.5028483,0.705346427,1,0
32820,0.134119162,0.358605802,0.578081227,0.527764109,0.742958577,1,0
32900,0.121915275,0.33001949,0.537055565,0.495123673,0.705524967,1,0
33100,0.115225661,0.300955016,0.476481962,0.451158058,0.626896399,1,0
33140,0.140682287,0.375519236,0.601705857,0.548262892,0.765836631,1,0
33220,0.144165908,0.38347591,0.614299774,0.558308262,0.77975797,1,0
33260,0.138938809,0.371559062,0.596964395,0.544070898,0.763336286,1,0
33340,0.113451297,0.303009585,0.478981508,0.455177475,0.629176076,1,0
33460,0.129490639,0.340473065,0.540116068,0.500748998,0.695081522,1,0
33540,0.129093509,0.346358375,0.554971423,0.513863007,0.719979627,1,0
33660,0.142216513,0.380013572,0.611220461,0.553986335,0.777451898,1,0
33700,0.127883801,0.343456417,0.555602346,0.510335922,0.722449529,1,0
33740,0.14000664,0.375843192,0.60514008,0.550964164,0.774662804,1,0
33780,0.144464062,0.383331284,0.614217131,0.557523232,0.778496242,1,0
33860,0.136541175,0.364645469,0.587468378,0.535525705,0.753295441,1,0
34060,0.128730426,0.342473497,0.548593282,0.50655325,0.708151896,1,0
34100,0.141768244,0.380137536,0.609262221,0.555852146,0.77747831,1,0
34580,0.140428162,0.374445762,0.601708285,0.547833804,0.768388059,1,0
34620,0.138320128,0.369298618,0.594215597,0.5405005,0.758645328,1,0
34740,0.144943275,0.385082992,0.616227784,0.55982722,0.781679514,1,0
34820,0.143430743,0.380107513,0.608141372,0.554357392,0.774570779,1,0
34900,0.122157428,0.324920157,0.520334259,0.484673168,0.679069424,1,0
34940,0.124280803,0.326093313,0.518921262,0.484757292,0.675763224,1,0
34980,0.129477477,0.343117991,0.548306553,0.506304077,0.707322639,1,0
35100,0.141624077,0.378799085,0.608910781,0.554859377,0.778928274,1,0
35300,0.112247629,0.299070768,0.472391965,0.451087118,0.623018557,1,0
35380,0.129875603,0.346173511,0.554319157,0.51283626,0.716830796,1,0
35620,0.09625687,0.255927576,0.397997686,0.393203233,0.537698236,1,0
35660,0.145109059,0.38564757,0.618547046,0.56092088,0.784400737,1,0
35840,0.137726341,0.361602779,0.577794389,0.529616111,0.740236213,1,0
35980,0.120140237,0.321619811,0.51210759,0.481391341,0.668691824,1,0
36100,0.143184716,0.382324123,0.61286066,0.558353945,0.78157862,1,0
36140,0.139345417,0.365999073,0.584717385,0.536404069,0.748614923,1,0
36220,0.133766687,0.357632737,0.574665004,0.526285909,0.739464601,1,0
36260,0.136619835,0.361683516,0.578408056,0.530774793,0.740908405,1,0
36420,0.132954246,0.355556867,0.57336307,0.523858602,0.737910458,1,0
36500,0.123083181,0.329772644,0.527153088,0.491299966,0.686198383,1,0
36540,0.132368854,0.351625628,0.564383296,0.516344969,0.723457237,1,0
36740,0.124190367,0.328327893,0.524740877,0.487158805,0.680572606,1,0
36780,0.128877358,0.342651482,0.547922739,0.505023855,0.703498315,1,0
36980,0.143114144,0.382825092,0.613673568,0.557923378,0.77990049,1,0
37100,0.118364164,0.310493564,0.496798766,0.46594111,0.653152254,1,0
37340,0.138650023,0.366370958,0.585722604,0.535515936,0.747266837,1,0
37460,0.142619645,0.382180005,0.613422168,0.559558681,0.784586631,1,0
37620,0.144538808,0.386268682,0.620526595,0.561962558,0.787279355,1,0
37860,0.136073138,0.364286239,0.586245099,0.535225919,0.752234769,1,0
37900,0.147051854,0.391391454,0.62874582,0.567957065,0.795552152,1,0
37980,0.125163485,0.317061688,0.500649527,0.473841917,0.658144781,1,0
38060,0.127425149,0.337633564,0.539427629,0.498697793,0.69702638,1,0
38220,0.146236439,0.392249157,0.630816459,0.571510457,0.802095486,1,0
38300,0.136515105,0.361758908,0.578558499,0.530778987,0.741107566,1,0
38340,0.136946543,0.365339303,0.583152505,0.534718861,0.743668885,1,0
38540,0.139867366,0.373857042,0.600195419,0.548377314,0.768257081,1,0
38860,0.130196659,0.346365946,0.551108345,0.511534237,0.710382435,1,0
38900,0.118889743,0.316186167,0.503647089,0.471472629,0.656858339,1,0
38940,0.140291723,0.368616342,0.589293077,0.539265801,0.753734029,1,0
39100,0.121119198,0.321480452,0.510408838,0.478417095,0.663466943,1,0
39150,0.139462572,0.373200152,0.597960357,0.548098879,0.767258932,1,0
39300,0.114537534,0.307765213,0.48675008,0.462791753,0.63870677,1,0
39340,0.129529856,0.342472817,0.548020044,0.506449462,0.708064916,1,0
39380,0.144568153,0.386367368,0.621656743,0.563082253,0.79066001,1,0
39460,0.147378122,0.391095021,0.627329239,0.567120577,0.793660891,1,0
39540,0.138225739,0.365232942,0.583310994,0.534791597,0.745085502,1,0
39580,0.121434778,0.320098208,0.51030344,0.477235869,0.666225038,1,0
39660,0.127979833,0.341508502,0.544551715,0.506159573,0.704900489,1,0
39740,0.131557382,0.336228799,0.534642701,0.499504338,0.697022054,1,0
39820,0.131548048,0.353591871,0.569406588,0.522697392,0.735224242,1,0
39900,0.121301975,0.324449675,0.51760788,0.48287299,0.673862038,1,0
40060,0.131928687,0.349982179,0.561872468,0.515678956,0.723269475,1,0
40140,0.127709937,0.338781084,0.543509677,0.501750618,0.704456024,1,0
40220,0.134323633,0.356200097,0.570264472,0.522351108,0.729957019,1,0
40340,0.145265399,0.384954779,0.615686671,0.558662901,0.77935839,1,0
40380,0.12890925,0.343665829,0.548140782,0.508324858,0.707200472,1,0
40420,0.134633781,0.357698201,0.572001266,0.525798388,0.734029735,1,0
40580,0.137535847,0.369466407,0.595334866,0.543707735,0.766000456,1,0
40660,0.135056907,0.363404659,0.584764217,0.535510976,0.752544834,1,0
40900,0.118983753,0.316251168,0.506986551,0.472715484,0.662807673,1,0
40980,0.14629063,0.388677804,0.624511256,0.564736949,0.790978179,1,0
41060,0.140642154,0.371916469,0.593177979,0.540527411,0.752362931,1,0
41100,0.141184203,0.373754998,0.599332737,0.546730985,0.765581146,1,0
41140,0.138653569,0.370856677,0.597778184,0.544222862,0.765587939,1,0
41180,0.136820991,0.364430303,0.583422393,0.534440655,0.746695161,1,0
41420,0.124908868,0.333514442,0.534556608,0.49567902,0.693825259,1,0
41500,0.114752044,0.306016404,0.491270635,0.460607467,0.647415431,1,0
41540,0.144365077,0.381142653,0.611676568,0.555951254,0.779122557,1,0
41620,0.126549547,0.333882764,0.531056929,0.49307212,0.6857863,1,0
41660,0.140528585,0.375104811,0.602782419,0.548417547,0.76959724,1,0
41700,0.127767732,0.34181002,0.548018731,0.504659637,0.706551643,1,0
41740,0.106888855,0.281388379,0.447960979,0.427203146,0.596663617,1,0
41860,0.104210501,0.275536654,0.435759274,0.419230302,0.581786473,1,0
41940,0.10874461,0.286892943,0.455379347,0.434036548,0.604832379,1,0
42020,0.121610926,0.323818551,0.519341203,0.485405609,0.68123841,1,0
42100,0.12220577,0.323840135,0.520665685,0.483652144,0.680661382,1,0
42140,0.129032701,0.342318905,0.549991531,0.508966508,0.715628621,1,0
42200,0.107493361,0.285883567,0.458192454,0.43440935,0.609839497,1,0
42220,0.120305588,0.319951854,0.513316134,0.479682504,0.673868849,1,0
42340,0.121897896,0.32741914,0.526537104,0.490057188,0.688726971,1,0
42540,0.138900384,0.367587381,0.587832087,0.539241632,0.752451885,1,0
42660,0.113447161,0.301174168,0.477916945,0.450375823,0.625677071,1,0
42680,0.139710121,0.369451117,0.591576505,0.539131408,0.753679624,1,0
42700,0.143703088,0.383251058,0.615062623,0.560802312,0.786465635,1,0
43100,0.138438928,0.368209281,0.586853361,0.538731378,0.748227822,1,0
43300,0.13729167,0.368662967,0.593063811,0.541227751,0.760213307,1,0
43340,0.139854698,0.373670851,0.600858212,0.547231737,0.768417487,1,0
43420,0.138607053,0.370194176,0.594520757,0.542793355,0.761396369,1,0
43580,0.14286902,0.381299141,0.612942725,0.555807049,0.779283414,1,0
43620,0.129343381,0.342523571,0.546302493,0.504553302,0.703097487,1,0
43780,0.142460134,0.380249663,0.610394996,0.554174464,0.77590902,1,0
43900,0.142060466,0.380226908,0.610750628,0.555562116,0.778786573,1,0
44060,0.128031689,0.342221167,0.547773197,0.505458932,0.706835208,1,0
44100,0.145765138,0.387871134,0.622244541,0.563834354,0.78866607,1,0
44140,0.124488716,0.331772376,0.527277142,0.49241136,0.682521416,1,0
44180,0.136211718,0.364616248,0.587408906,0.535448427,0.753343849,1,0
44220,0.141171955,0.376257771,0.605682108,0.550225892,0.772940532,1,0
44300,0.126268622,0.335755903,0.536949714,0.498653831,0.696412146,1,0
44420,0.139644098,0.371244225,0.596784266,0.541969394,0.760206903,1,0
44700,0.122401484,0.327521964,0.528658633,0.489691316,0.691339876,1,0
44940,0.142826784,0.383521813,0.616505171,0.561274996,0.788435069,1,0
45060,0.13069715,0.349587575,0.556617286,0.515132159,0.715553641,1,0
45220,0.126516783,0.337500635,0.539236936,0.501999256,0.702001695,1,0
45300,0.129101182,0.341217105,0.544459286,0.503667451,0.703208615,1,0
45460,0.144869725,0.387004986,0.622381189,0.563852856,0.79077544,1,0
45500,0.138602103,0.372808249,0.599463575,0.547057485,0.767872775,1,0
45540,0.146593023,0.391343911,0.627228574,0.56920407,0.796207243,1,0
45780,0.136907968,0.363585988,0.583212184,0.532442961,0.745144801,1,0
45820,0.13774334,0.367099353,0.59147531,0.538413835,0.757230582,1,0
45940,0.120471429,0.3062845,0.484780565,0.459438552,0.638874672,1,0
46060,0.127473102,0.335544836,0.536641473,0.496895797,0.695773999,1,0
46140,0.133545288,0.358570979,0.577953738,0.528378658,0.744397225,1,0
46220,0.136100739,0.36538043,0.584981598,0.536944862,0.751076717,1,0
46300,0.139563011,0.373362168,0.601802647,0.548420053,0.771485875,1,0
46340,0.133348911,0.355890838,0.572397284,0.52359889,0.735588688,1,0
46520,0.106231607,0.279241278,0.445313499,0.425636322,0.594892856,1,0
46540,0.134215965,0.360479041,0.575096961,0.530363723,0.737403245,1,0
46660,0.135586517,0.367475276,0.592624397,0.543036616,0.76636276,1,0
46700,0.12431006,0.331549959,0.532166626,0.492989383,0.691414458,1,0
47020,0.141317574,0.379941323,0.610978358,0.55629447,0.780870327,1,0
47220,0.138153569,0.367197746,0.588846244,0.538670201,0.753431681,1,0
47260,0.125507776,0.330334931,0.52907537,0.490674198,0.687281127,1,0
47300,0.131146339,0.352229212,0.570319316,0.522075051,0.739073562,1,0
47380,0.137898479,0.369784782,0.595224772,0.54282696,0.762846591,1,0
47460,0.137035468,0.366207115,0.591768618,0.537903852,0.759124649,1,0
47580,0.141260723,0.37790447,0.606499368,0.552778888,0.77437427,1,0
47900,0.114382566,0.293094116,0.463252391,0.439747401,0.610881088,1,0
47940,0.146232408,0.389360621,0.625586607,0.565533215,0.79197133,1,0
48060,0.129759715,0.34797061,0.556206311,0.516108678,0.719981503,1,0
48140,0.148722156,0.395487663,0.634438637,0.572648281,0.800140614,1,0
48260,0.146316046,0.390433889,0.626966447,0.567372192,0.794255504,1,0
48300,0.131446936,0.35393816,0.565820859,0.52312247,0.731272761,1,0
48540,0.146316046,0.390433889,0.626966447,0.567372192,0.794255504,1,0
48620,0.137776923,0.367385577,0.591605089,0.538759637,0.757560278,1,0
48660,0.139759266,0.374735605,0.60471807,0.550134002,0.7753257,1,0
48700,0.144284979,0.383358126,0.613662553,0.558947382,0.780119695,1,0
48900,0.12770434,0.339374888,0.543285028,0.502747621,0.704011119,1,0
49020,0.139575641,0.368636869,0.591839491,0.54041043,0.757467842,1,0
49180,0.137861473,0.36728362,0.589087526,0.537457899,0.752895053,1,0
49340,0.117813811,0.313727797,0.496765753,0.470037387,0.650093677,1,0
49420,0.126419273,0.340404838,0.547787572,0.50691073,0.712999255,1,0
49620,0.135934097,0.35271803,0.561576229,0.520557881,0.72551153,1,0
49660,0.145817447,0.387456765,0.621869971,0.563021849,0.787973617,1,0
49700,0.127115067,0.340932024,0.54965724,0.507358195,0.71473658,1,0
49740,0.135189303,0.362246188,0.58266446,0.534847568,0.752167757,1,0