geoid,ua_name,-1_perc_penalty,avg_perc_penalty,75_perc_penalty,85_perc_penalty,95_perc_penalty
21820,"Fairbanks, AK",1,1.4780015473932755,1.7732291669999998,1.82125,1.8435416669999998
40340,"Rochester, MN",1,1.3396642076846734,1.6667708330000002,1.7515625,1.836041667
20260,"Duluth, MN-WI",1,1.3882672104452598,1.7423958330000002,1.804583333,1.8377083330000001
24500,"Great Falls, MT",1,1.3173579523031818,1.5546875,1.6620833330000002,1.8377083330000001
41060,"St. Cloud, MN",1,1.3545657333666967,1.7236458330000002,1.7920833330000001,1.836041667
24020,"Glens Falls, NY",1,1.2871111535398063,1.5325,1.6959375,1.811875
24540,"Greeley, CO",1,1.2849097340723616,1.5488541669999998,1.622604167,1.7469791669999999
45460,"Terre Haute, IN",1,1.232015572033642,1.406354167,1.540625,1.7405208330000002
31540,"Madison, WI",1,1.3149190410758853,1.6033333330000001,1.715,1.8283333330000002
11260,"Anchorage, AK",1,1.4400425897298164,1.7180208330000002,1.78375,1.830625
29100,"La Crosse-Onalaska, WI-MN",1,1.313182855520444,1.6015625,1.705208333,1.818125
20740,"Eau Claire, WI",1,1.3396237356912857,1.6713541669999998,1.766666667,1.8364583330000002
22020,"Fargo, ND-MN",1,1.359029654457108,1.705208333,1.79625,1.8433333330000001
47940,"Waterloo-Cedar Falls, IA",1,1.3089639758795344,1.6015625,1.7260416669999998,1.8222916669999998
13900,"Bismarck, ND",1,1.3411602072347373,1.6434375,1.7519791669999998,1.8341666669999999
20220,"Dubuque, IA",1,1.3212073920921985,1.6354166669999999,1.7263541669999998,1.8085416669999999
25500,"Harrisonburg, VA",1,1.2065866929085274,1.3858333330000001,1.5516666669999999,1.7265625
44420,"Staunton, VA",1,1.2065866929085274,1.3858333330000001,1.5516666669999999,1.7265625
43620,"Sioux Falls, SD",1,1.3154887507568125,1.6369791669999998,1.745416667,1.83375
49620,"York-Hanover, PA",1,1.2720403662034976,1.5270833330000002,1.6489583330000002,1.756458333
16300,"Cedar Rapids, IA",1,1.2865201263425483,1.5744791669999998,1.7265625,1.820208333
31900,"Mansfield, OH",1,1.2835155371096454,1.5520833330000001,1.687395833,1.7775
40420,"Rockford, IL",1,1.303485850519134,1.608333333,1.7180208330000002,1.817916667
14010,"Bloomington, IL",1,1.274126259491085,1.5161458330000002,1.6286458330000002,1.7585416669999998
24220,"Grand Forks, ND-MN",1,1.3722002011997367,1.6838541669999998,1.765,1.83375
34060,"Morgantown, WV",1,1.2134510519860795,1.440625,1.5448958330000002,1.7275
43100,"Sheboygan, WI",1,1.3018594240771335,1.5395833330000002,1.6838541669999998,1.7941666669999998
22660,"Fort Collins, CO",1,1.2912007312497191,1.5308333330000001,1.631458333,1.79625
16220,"Casper, WY",1,1.313238332761532,1.5819791669999999,1.6603125,1.784791667
22540,"Fond du Lac, WI",1,1.324979435737106,1.594791667,1.7775,1.828958333
36780,"Oshkosh-Neenah, WI",1,1.324979435737106,1.594791667,1.7775,1.828958333
33460,"Minneapolis-St. Paul-Bloomington, MN-WI",1,1.3439375597589172,1.671041667,1.7754166669999998,1.830625
48060,"Watertown-Fort Drum, NY",1,1.3084617620295362,1.6015625,1.688125,1.778125
30340,"Lewiston-Auburn, ME",1,1.3207520474284395,1.5651041669999999,1.6642708330000002,1.79
15540,"Burlington-South Burlington, VT",1,1.3129841333157986,1.594791667,1.6923958330000002,1.7892708330000002
19180,"Danville, IL",1,1.2482182988634944,1.4927083330000002,1.6623958330000002,1.765
16580,"Champaign-Urbana, IL",1,1.2482182988634944,1.4927083330000002,1.6623958330000002,1.765
16980,"Chicago-Naperville-Elgin, IL-IN-WI",1,1.2527362148311396,1.434375,1.6015625,1.7761458330000002
28100,"Kankakee, IL",1,1.2527362148311396,1.434375,1.6015625,1.7761458330000002
24580,"Green Bay, WI",1,1.3259000523548845,1.6354166669999999,1.730833333,1.8066666669999998
29620,"Lansing-East Lansing, MI",1,1.3006205049034434,1.5677083330000001,1.6625,1.787916667
19340,"Davenport-Moline-Rock Island, IA-IL",1,1.2834464127601946,1.5677083330000001,1.6625,1.783645833
43580,"Sioux City, IA-NE-SD",1,1.2959977292633869,1.602916667,1.7105208330000001,1.7983333330000002
12620,"Bangor, ME",1,1.3309395602427163,1.621875,1.7094791669999998,1.8065625
31860,"Mankato, MN",1,1.331359690763011,1.6467708330000002,1.7325,1.7941666669999998
47900,"Washington-Arlington-Alexandria, DC-VA-MD-WV",1,1.2131062259406031,1.434375,1.5541666669999998,1.6927083330000001
14020,"Bloomington, IN",1,1.2338100252350523,1.3991666669999998,1.58125,1.751875
18020,"Columbus, IN",1,1.2338100252350523,1.3991666669999998,1.58125,1.751875
24340,"Grand Rapids-Kentwood, MI",1,1.2980672920645175,1.5677083330000001,1.696666667,1.7941666669999998
39660,"Rapid City, SD",1,1.3393108170586785,1.614375,1.71375,1.8066666669999998
24260,"Grand Island, NE",1,1.2908141591139095,1.5744791669999998,1.679583333,1.8066666669999998
48140,"Wausau-Weston, WI",1,1.3353516212891543,1.643958333,1.722291667,1.817083333
28740,"Kingston, NY",1,1.2472242898673418,1.465625,1.58125,1.7719791669999998
16940,"Cheyenne, WY",1,1.3039304078405995,1.570625,1.6525,1.7754166669999998
38540,"Pocatello, ID",1,1.3108760964102533,1.569479167,1.676354167,1.7607291669999998
33340,"Milwaukee-Waukesha, WI",1,1.3127644701925498,1.588020833,1.705208333,1.800416667
39540,"Racine, WI",1,1.3127644701925498,1.588020833,1.705208333,1.800416667
26820,"Idaho Falls, ID",1,1.3350907629312991,1.6377083330000002,1.719895833,1.77125
16620,"Charleston, WV",1,1.2066338468498334,1.3854166669999999,1.5182291669999999,1.7094791669999998
38860,"Portland-South Portland, ME",1,1.3213246823963023,1.608333333,1.7015625,1.7730208330000001
29020,"Kokomo, IN",1,1.2683089592597558,1.4927083330000002,1.621875,1.769166667
49340,"Worcester, MA-CT",1,1.3024635073067132,1.5915625,1.689895833,1.787916667
37900,"Peoria, IL",1,1.2697578113337757,1.5234375,1.6375,1.8072916669999999
39380,"Pueblo, CO",1,1.2267322359994013,1.46875,1.5566666669999998,1.7051041669999998
14540,"Bowling Green, KY",1,1.1927797525187005,1.4047916669999998,1.513541667,1.6713541669999998
29940,"Lawrence, KS",1,1.2150066936115076,1.411979167,1.5515625,1.741145833
31700,"Manchester-Nashua, NH",1,1.2715279539009838,1.4826041669999999,1.630416667,1.77125
30700,"Lincoln, NE",1,1.2621037552583845,1.5,1.6208333330000002,1.765
29200,"Lafayette-West Lafayette, IN",1,1.2612589397537537,1.5192708330000002,1.6923958330000002,1.799375
21780,"Evansville, IN-KY",1,1.204425203616872,1.390625,1.5027083330000002,1.7094791669999998
26900,"Indianapolis-Carmel-Anderson, IN",1,1.2618772698801826,1.5265625,1.6375,1.78375
23060,"Fort Wayne, IN",1,1.2852781216427076,1.5771875,1.679583333,1.785520833
14500,"Boulder, CO",1,1.249250138480696,1.4846875,1.580208333,1.721145833
19780,"Des Moines-West Des Moines, IA",1,1.2844875815781502,1.5541666669999998,1.6713541669999998,1.801458333
14460,"Boston-Cambridge-Newton, MA-NH",1,1.2802400044767346,1.4927083330000002,1.6525,1.785833333
13020,"Bay City, MI",1,1.298087578022023,1.58125,1.7071875,1.804583333
33220,"Midland, MI",1,1.298087578022023,1.58125,1.7071875,1.804583333
40980,"Saginaw, MI",1,1.298087578022023,1.58125,1.7071875,1.804583333
19740,"Denver-Aurora-Lakewood, CO",1,1.2685152820096166,1.530208333,1.621875,1.7414583330000002
46540,"Utica-Rome, NY",1,1.3038425754470009,1.612604167,1.6916666669999998,1.767708333
13740,"Billings, MT",1,1.293566199272289,1.544791667,1.6482291669999998,1.7896875
45780,"Toledo, OH",1,1.2766182307843157,1.5375,1.6625,1.785833333
22420,"Flint, MI",1,1.2991941608921922,1.6076041669999999,1.676354167,1.785833333
16020,"Cape Girardeau, MO-IL",1,1.192026275029739,1.3275,1.4927083330000002,1.7094791669999998
21060,"Elizabethtown-Fort Knox, KY",1,1.2224502474222867,1.4259375,1.545833333,1.728645833
17300,"Clarksville, TN-KY",1,1.202055331276851,1.389791667,1.5130208330000001,1.7009375
28020,"Kalamazoo-Portage, MI",1,1.2670731461480125,1.5,1.6667708330000002,1.7775
36540,"Omaha-Council Bluffs, NE-IA",1,1.2763319769642247,1.5385416669999998,1.6838541669999998,1.8108333330000002
21140,"Elkhart-Goshen, IN",1,1.2660942415588332,1.5463541669999998,1.6286458330000002,1.747916667
33140,"Michigan City-La Porte, IN",1,1.2660942415588332,1.5463541669999998,1.6286458330000002,1.747916667
35660,"Niles, MI",1,1.2660942415588332,1.5463541669999998,1.6286458330000002,1.747916667
43780,"South Bend-Mishawaka, IN-MI",1,1.2660942415588332,1.5463541669999998,1.6286458330000002,1.747916667
44100,"Springfield, IL",1,1.244243325167432,1.5,1.6371875,1.7648958330000002
44140,"Springfield, MA",1,1.2672065092094964,1.513541667,1.614375,1.7302083330000002
13780,"Binghamton, NY",1,1.3048999623465094,1.594791667,1.671041667,1.7754166669999998
13980,"Blacksburg-Christiansburg, VA",1,1.2172255277651636,1.4260416669999998,1.5677083330000001,1.7182291669999998
45060,"Syracuse, NY",1,1.285557469585584,1.5473958330000002,1.6625,1.76875
19060,"Cumberland, MD-WV",1,1.234632542247445,1.419791667,1.5677083330000001,1.717604167
49020,"Winchester, VA-WV",1,1.234632542247445,1.419791667,1.5677083330000001,1.717604167
19430,"Dayton-Kettering, OH",1,1.258661017796405,1.4994791669999998,1.608333333,1.7414583330000002
44220,"Springfield, OH",1,1.258661017796405,1.4994791669999998,1.608333333,1.7414583330000002
14100,"Bloomsburg-Berwick, PA",1,1.2565081246982786,1.505729167,1.6211458330000001,1.7307291669999998
48700,"Williamsport, PA",1,1.2565081246982786,1.505729167,1.6211458330000001,1.7307291669999998
14260,"Boise City, ID",1,1.278309671936254,1.485416667,1.560104167,1.743020833
40380,"Rochester, NY",1,1.2854689901781569,1.5270833330000002,1.6667708330000002,1.78375
27780,"Johnstown, PA",1,1.2842614018538407,1.5677083330000001,1.6720833330000002,1.7920833330000001
22380,"Flagstaff, AZ",1,1.2491040307810393,1.540625,1.588020833,1.6634375
11180,"Ames, IA",1,1.2954130132061348,1.5875,1.671041667,1.787916667
21300,"Elmira, NY",1,1.2648623197529758,1.5052083330000001,1.6346875,1.7307291669999998
27060,"Ithaca, NY",1,1.2648623197529758,1.5052083330000001,1.6346875,1.7307291669999998
11460,"Ann Arbor, MI",1,1.26494632085126,1.5,1.6428125,1.7621875
27500,"Janesville-Beloit, WI",1,1.287304101210947,1.5338541669999999,1.6396875,1.745520833
11540,"Appleton, WI",1,1.306375079372912,1.5473958330000002,1.6625,1.7754166669999998
14860,"Bridgeport-Stamford-Norwalk, CT",1,1.2462680593755422,1.4635416669999999,1.588020833,1.764270833
39740,"Reading, PA",1,1.2189226652881808,1.4338541669999998,1.5515625,1.71
44180,"Springfield, MO",1,1.2079422165010143,1.391875,1.5184375,1.71375
36980,"Owensboro, KY",1,1.2183636951453087,1.4333333330000002,1.53875,1.7180208330000002
37620,"Parkersburg-Vienna, WV",1,1.2236016128688616,1.4275,1.588020833,1.739375
30460,"Lexington-Fayette, KY",1,1.2144465043382484,1.4489583330000002,1.5907291669999999,1.7040625
49660,"Youngstown-Warren-Boardman, OH-PA",1,1.2811892648969858,1.513541667,1.661770833,1.773333333
17860,"Columbia, MO",1,1.2365436438698991,1.4604166669999998,1.6111458330000001,1.7795833330000002
26980,"Iowa City, IA",1,1.2789391452142858,1.559375,1.6625,1.7752083330000001
15940,"Canton-Massillon, OH",1,1.2725363312915383,1.540625,1.6354166669999999,1.765
10420,"Akron, OH",1,1.2725363312915383,1.540625,1.6354166669999999,1.765
39100,"Poughkeepsie-Newburgh-Middletown, NY",1,1.2665202125924813,1.5,1.609375,1.7683333330000002
31740,"Manhattan, KS",1,1.2273295950423218,1.4628125,1.582708333,1.722291667
34620,"Muncie, IN",1,1.2558670792718425,1.5,1.630729167,1.747916667
16180,"Carson City, NV",1,1.308068539116086,1.5809375,1.6421875,1.699791667
44300,"State College, PA",1,1.267755510846097,1.4916666669999998,1.6286458330000002,1.7709375
10580,"Albany-Schenectady-Troy, NY",1,1.2870956510020974,1.569479167,1.6923958330000002,1.765
49420,"Yakima, WA",1,1.2517126601279127,1.5,1.5671875,1.7002083330000002
17660,"Coeur d'Alene, ID",1,1.2964696643329034,1.5203125,1.58125,1.7304166669999999
33780,"Monroe, MI",1,1.29042165830666,1.58125,1.6753125,1.7754166669999998
19820,"Detroit-Warren-Dearborn, MI",1,1.2740561984602456,1.5563541669999998,1.6557291669999998,1.768854167
44060,"Spokane-Spokane Valley, WA",1,1.3221033576720724,1.5265625,1.6625,1.78375
12700,"Barnstable Town, MA",1,1.237103522033872,1.470833333,1.546875,1.6813541669999998
27100,"Jackson, MI",1,1.2781637565929351,1.5588541669999998,1.6838541669999998,1.7816666669999999
18140,"Columbus, OH",1,1.2386804073962354,1.4770833330000002,1.590520833,1.7327083330000002
34740,"Muskegon, MI",1,1.306870287563486,1.58125,1.6625,1.77125
41180,"St. Louis, MO-IL",1,1.223043706953845,1.4270833330000001,1.5744791669999998,1.7094791669999998
15380,"Buffalo-Cheektowaga, NY",1,1.2862569441355334,1.540625,1.6753125,1.773333333
19500,"Decatur, IL",1,1.2527475847265823,1.490104167,1.6015625,1.7351041669999998
27900,"Joplin, MO",1,1.17916901397863,1.318333333,1.4489583330000002,1.6645833330000002
13460,"Bend, OR",1,1.2736342536075735,1.4953125,1.559375,1.658541667
17820,"Colorado Springs, CO",1,1.2545802769853858,1.5192708330000002,1.6101041669999998,1.7391666669999999
27620,"Jefferson City, MO",1,1.2130550814753018,1.4002083330000001,1.5,1.6625
30860,"Logan, UT-ID",1,1.3048064525755914,1.5203125,1.594791667,1.7216666669999998
36260,"Ogden-Clearfield, UT",1,1.3048064525755914,1.5203125,1.594791667,1.7216666669999998
25540,"Hartford-East Hartford-Middletown, CT",1,1.2350462000749642,1.4489583330000002,1.5677083330000001,1.739375
31140,"Louisville/Jefferson County, KY-IN",1,1.1857194172450518,1.337916667,1.4635416669999999,1.6464583330000002
27180,"Jackson, TN",1,1.150539394647945,1.292916667,1.4058333330000001,1.5707291669999999
36420,"Oklahoma City, OK",1,1.1779275166334848,1.303541667,1.4345833330000002,1.6078125
26580,"Huntington-Ashland, WV-KY-OH",1,1.2108236787535844,1.4265625,1.53125,1.6625
13220,"Beckley, WV",1,1.2261182458192112,1.4416666669999998,1.58125,1.7282291669999998
33100,"Miami-Fort Lauderdale-Pompano Beach, FL",1,1.0521390703311453,1.074166667,1.096875,1.116666667
41140,"St. Joseph, MO-KS",1,1.2486609245343745,1.498958333,1.6015625,1.7094791669999998
40060,"Richmond, VA",1,1.1766949069804842,1.357083333,1.4594791669999998,1.588020833
24780,"Greenville, NC",1,1.1393234002215369,1.251666667,1.3791666669999998,1.6186458330000002
24140,"Goldsboro, NC",1,1.1693241635083569,1.3439583330000002,1.4548958330000001,1.615104167
22520,"Florence-Muscle Shoals, AL",1,1.1327460220368928,1.224375,1.354791667,1.5239583330000002
25060,"Gulfport-Biloxi, MS",1,1.0967947910483626,1.123333333,1.239375,1.4411458330000002
19460,"Decatur, AL",1,1.1571695344723467,1.2882291670000001,1.4270833330000001,1.6525
26620,"Huntsville, AL",1,1.1571695344723467,1.2882291670000001,1.4270833330000001,1.6525
20700,"East Stroudsburg, PA",1,1.2703590464798664,1.540625,1.6464583330000002,1.7371875
42540,"Scranton--Wilkes-Barre, PA",1,1.2703590464798664,1.540625,1.6464583330000002,1.7371875
35300,"New Haven-Milford, CT",1,1.233197695222489,1.4475,1.5609375,1.6838541669999998
30620,"Lima, OH",1,1.241474217157354,1.4885416669999998,1.588020833,1.719583333
45820,"Topeka, KS",1,1.2250975879379251,1.4484375,1.5744791669999998,1.722291667
27740,"Johnson City, TN",1,1.1917045927081888,1.376041667,1.5,1.6923958330000002
28700,"Kingsport-Bristol, TN-VA",1,1.1917045927081888,1.376041667,1.5,1.6923958330000002
38340,"Pittsfield, MA",1,1.2791939645201305,1.5473958330000002,1.6575,1.7559375
48260,"Weirton-Steubenville, WV-OH",1,1.2543483843651846,1.5125,1.615104167,1.7285416669999998
48540,"Wheeling, WV-OH",1,1.2543483843651846,1.5125,1.615104167,1.7285416669999998
29540,"Lancaster, PA",1,1.2149295367633277,1.434375,1.53125,1.6720833330000002
30140,"Lebanon, PA",1,1.2149295367633277,1.434375,1.53125,1.6720833330000002
17460,"Cleveland-Elyria, OH",1,1.2738306552762824,1.5270833330000002,1.6625,1.765
45940,"Trenton-Princeton, NJ",1,1.2214770965740995,1.3979166669999998,1.5385416669999998,1.7094791669999998
17140,"Cincinnati, OH-KY-IN",1,1.2159041034985385,1.434375,1.5203125,1.677395833
31340,"Lynchburg, VA",1,1.191367229330437,1.361458333,1.467708333,1.65
12980,"Battle Creek, MI",1,1.275505510147812,1.544791667,1.6625,1.765
38300,"Pittsburgh, PA",1,1.2307940174738776,1.4489583330000002,1.5897916669999999,1.71375
22900,"Fort Smith, AR-OK",1,1.1822849751599946,1.325,1.431770833,1.6603125
10900,"Allentown-Bethlehem-Easton, PA-NJ",1,1.2488763559593412,1.5109375,1.6186458330000002,1.730833333
15500,"Burlington, NC",1,1.172019516037098,1.322083333,1.4625,1.694166667
24660,"Greensboro-High Point, NC",1,1.172019516037098,1.322083333,1.4625,1.694166667
39340,"Provo-Orem, UT",1,1.2655721876477417,1.4785416669999998,1.5821875,1.678125
35980,"Norwich-New London, CT",1,1.2370108347517723,1.454166667,1.5541666669999998,1.6916666669999998
20100,"Dover, DE",1,1.2160287149046582,1.4270833330000001,1.5541666669999998,1.7265625
30780,"Little Rock-North Little Rock-Conway, AR",1,1.1586603274775904,1.2647916670000001,1.4004166669999998,1.609375
11020,"Altoona, PA",1,1.264949499191054,1.506770833,1.630416667,1.730833333
16820,"Charlottesville, VA",1,1.1636247993720037,1.3275,1.421041667,1.6296875
22140,"Farmington, NM",1,1.242463146656134,1.4921875,1.5473958330000002,1.6560416669999998
42140,"Santa Fe, NM",1,1.227178315678243,1.4753125,1.5698958330000001,1.658541667
21420,"Enid, OK",1,1.2217935267925215,1.39375,1.5270833330000002,1.6823958330000002
47220,"Vineland-Bridgeton, NJ",1,1.196932924264282,1.4192708330000001,1.498958333,1.6396875
22180,"Fayetteville, NC",1,1.1488684607636108,1.271666667,1.4338541669999998,1.587291667
39900,"Reno, NV",1,1.2325339846677568,1.460833333,1.555833333,1.6713541669999998
46140,"Tulsa, OK",1,1.1882646401976429,1.317083333,1.4572916669999998,1.6557291669999998
39300,"Providence-Warwick, RI-MA",1,1.2532770715580746,1.513541667,1.6015625,1.713020833
47380,"Waco, TX",1,1.1361309899121492,1.1570833329999999,1.314166667,1.5385416669999998
35620,"New York-Newark-Jersey City, NY-NJ-PA",1,1.2031798725099188,1.3833333330000002,1.5119791669999998,1.6432291669999999
28140,"Kansas City, MO-KS",1,1.2092956289396202,1.4057291669999998,1.5,1.6489583330000002
29740,"Las Cruces, NM",1,1.1420822259599115,1.261666667,1.337708333,1.4760416669999998
33540,"Missoula, MT",1,1.3249012925980652,1.5771875,1.6510416669999999,1.765
25420,"Harrisburg-Carlisle, PA",1,1.2415248961074752,1.497916667,1.5677083330000001,1.71375
16060,"Carbondale-Marion, IL",1,1.2177204253787621,1.3979166669999998,1.5171875,1.696666667
24860,"Greenville-Anderson, SC",1,1.1632911191117157,1.312916667,1.4392708330000001,1.6291666669999998
46300,"Twin Falls, ID",1,1.281409471252975,1.5,1.6015625,1.6838541669999998
31180,"Lubbock, TX",1,1.1729881933568698,1.344583333,1.4202083330000002,1.5661458330000002
22220,"Fayetteville-Springdale-Rogers, AR",1,1.1814954981776318,1.325,1.4614583330000002,1.6535416669999998
25180,"Hagerstown-Martinsburg, MD-WV",1,1.1862065249978184,1.3833333330000002,1.477395833,1.615104167
34980,"Nashville-Davidson--Murfreesboro--Franklin, TN",1,1.1718911893230817,1.323333333,1.4484375,1.612604167
12580,"Baltimore-Columbia-Towson, MD",1,1.2072668044331265,1.405104167,1.5203125,1.6753125
28940,"Knoxville, TN",1,1.1822744265550358,1.3372916670000001,1.4807291669999998,1.6575
34100,"Morristown, TN",1,1.1822744265550358,1.3372916670000001,1.4807291669999998,1.6575
10180,"Abilene, TX",1,1.158789192380405,1.231041667,1.3790625,1.5935416669999998
48620,"Wichita, KS",1,1.2437061834018428,1.468645833,1.5744791669999998,1.69875
23900,"Gettysburg, PA",1,1.2178298511626255,1.4416666669999998,1.559375,1.705208333
16540,"Chambersburg-Waynesboro, PA",1,1.2178298511626255,1.4416666669999998,1.559375,1.705208333
27860,"Jonesboro, AR",1,1.2098077662690674,1.3979166669999998,1.542395833,1.6923958330000002
41700,"San Antonio-New Braunfels, TX",1,1.113376119211102,1.12375,1.207916667,1.3864583330000002
37980,"Philadelphia-Camden-Wilmington, PA-NJ-DE-MD",1,1.2178347974767334,1.446354167,1.551354167,1.6959375
11100,"Amarillo, TX",1,1.1968671962323352,1.3865625,1.477604167,1.6223958330000001
24300,"Grand Junction, CO",1,1.2472015731550514,1.500104167,1.6015625,1.6848958330000001
12220,"Auburn-Opelika, AL",1,1.1081835457207616,1.211666667,1.3439583330000002,1.5036458330000002
41620,"Salt Lake City, UT",1,1.248697861227954,1.4692708330000002,1.5677083330000001,1.6645833330000002
21500,"Erie, PA",1,1.2840640990389047,1.5270833330000002,1.6625,1.7607291669999998
27340,"Jacksonville, NC",1,1.1297439988405982,1.226875,1.393125,1.58125
39150,"Prescott Valley-Prescott, AZ",1,1.1820991333058166,1.3715625,1.44125,1.5554166669999998
48660,"Wichita Falls, TX",1,1.1567422778799388,1.258125,1.3853125,1.5397916669999998
12060,"Atlanta-Sandy Springs-Alpharetta, GA",1,1.1379261751459826,1.231666667,1.3541666669999999,1.5473958330000002
43300,"Sherman-Denison, TX",1,1.1625113412853632,1.231458333,1.36875,1.6015625
26140,"Homosassa Springs, FL",1,1.0754768956748533,1.078125,1.161875,1.330208333
36100,"Ocala, FL",1,1.0754768956748533,1.078125,1.161875,1.330208333
45540,"The Villages, FL",1,1.0754768956748533,1.078125,1.161875,1.330208333
38940,"Port St. Lucie, FL",1,1.0500503441057458,1.065416667,1.104791667,1.219166667
20500,"Durham-Chapel Hill, NC",1,1.1588168335064415,1.342083333,1.4416666669999998,1.568958333
39580,"Raleigh-Cary, NC",1,1.1588168335064415,1.342083333,1.4416666669999998,1.568958333
13820,"Birmingham-Hoover, AL",1,1.1245146780073778,1.226666667,1.3510416669999998,1.5583333330000002
49180,"Winston-Salem, NC",1,1.1372782379944029,1.2621875,1.378229167,1.588020833
30020,"Lawton, OK",1,1.1531177521816434,1.283854167,1.3646875,1.5130208330000001
32820,"Memphis, TN-MS-AR",1,1.1491077178717488,1.260833333,1.391666667,1.58125
11700,"Asheville, NC",1,1.1831081212179115,1.378541667,1.4839583330000001,1.6166666669999998
25860,"Hickory-Lenoir-Morganton, NC",1,1.1569619255879615,1.292916667,1.406145833,1.5922916669999998
19100,"Dallas-Fort Worth-Arlington, TX",1,1.1367738472832196,1.2144791670000001,1.317395833,1.485416667
44940,"Sumter, SC",1,1.1388285960801088,1.26125,1.390625,1.5609375
33260,"Midland, TX",1,1.1321233075670072,1.233958333,1.320208333,1.4791666669999999
36220,"Odessa, TX",1,1.1321233075670072,1.233958333,1.320208333,1.4791666669999999
47580,"Warner Robins, GA",1,1.1457821976624238,1.2620833329999999,1.4125,1.5677083330000001
48300,"Wenatchee, WA",1,1.268947618428675,1.5338541669999999,1.615104167,1.6625
40220,"Roanoke, VA",1,1.1860992866324471,1.336041667,1.5,1.6645833330000002
41540,"Salisbury, MD-DE",1,1.1708003537292342,1.3441666669999999,1.4635416669999999,1.588229167
26300,"Hot Springs, AR",1,1.1637975945190957,1.299583333,1.4144791669999999,1.578958333
40580,"Rocky Mount, NC",1,1.1295002299060677,1.258333333,1.372604167,1.525
30300,"Lewiston, ID-WA",1,1.2556979495740417,1.45625,1.506770833,1.6625
12100,"Atlantic City-Hammonton, NJ",1,1.2151984917361065,1.4536458330000002,1.5463541669999998,1.680625
33860,"Montgomery, AL",1,1.1347825450288216,1.239791667,1.323333333,1.5
10540,"Albany-Lebanon, OR",1,1.1915787099967292,1.341458333,1.4125,1.524479167
41420,"Salem, OR",1,1.1915787099967292,1.341458333,1.4125,1.524479167
15680,"California-Lexington Park, MD",1,1.1542220206654907,1.291666667,1.4064583330000002,1.5473958330000002
41660,"San Angelo, TX",1,1.1386670335958886,1.197291667,1.3517708330000002,1.5515625
20020,"Dothan, AL",1,1.1088527358891085,1.184166667,1.29375,1.4425
12020,"Athens-Clarke County, GA",1,1.127907173566878,1.235416667,1.3442708330000002,1.5473958330000002
23580,"Gainesville, GA",1,1.127907173566878,1.235416667,1.3442708330000002,1.5473958330000002
43340,"Shreveport-Bossier City, LA",1,1.125314891862463,1.204583333,1.325,1.485416667
28420,"Kennewick-Richland, WA",1,1.2185303039727156,1.433020833,1.5130208330000001,1.6211458330000001
40660,"Rome, GA",1,1.1588810068909898,1.3378125,1.4122916669999999,1.5127083330000002
38220,"Pine Bluff, AR",1,1.1791269698175728,1.300208333,1.45375,1.6346875
18880,"Crestview-Fort Walton Beach-Destin, FL",1,1.100661022797616,1.132916667,1.259375,1.4826041669999999
37460,"Panama City, FL",1,1.087895986669067,1.136458333,1.245208333,1.4533333330000002
10740,"Albuquerque, NM",1,1.1902953008824235,1.4004166669999998,1.4694791669999998,1.5661458330000002
27140,"Jackson, MS",1,1.1262257023068392,1.205,1.3421875,1.5
31420,"Macon-Bibb County, GA",1,1.1236621458992175,1.205,1.3175,1.461979167
32780,"Medford, OR",1,1.2090751945873166,1.3858333330000001,1.463020833,1.5541666669999998
46520,"Urban Honolulu, HI",1,1.049898228076456,1.047916667,1.064583333,1.080208333
26380,"Houma-Thibodaux, LA",1,1.0930200346755932,1.102708333,1.236458333,1.4057291669999998
46220,"Tuscaloosa, AL",1,1.12913650064954,1.226875,1.3510416669999998,1.4921875
23460,"Gadsden, AL",1,1.132947978729544,1.2535416670000001,1.4065625,1.551875
22500,"Florence, SC",1,1.121549271877499,1.20625,1.325,1.4480208330000002
17420,"Cleveland, TN",1,1.1499631691196903,1.279583333,1.4002083330000001,1.5448958330000002
19140,"Dalton, GA",1,1.1499631691196903,1.279583333,1.4002083330000001,1.5448958330000002
16860,"Chattanooga, TN-GA",1,1.1499631691196903,1.279583333,1.4002083330000001,1.5448958330000002
43900,"Spartanburg, SC",1,1.1467742269542258,1.295416667,1.3979166669999998,1.553645833
36500,"Olympia-Lacey-Tumwater, WA",1,1.2182375357366595,1.390625,1.4489583330000002,1.5609375
17900,"Columbia, SC",1,1.1275170069375902,1.2352083329999999,1.337604167,1.532291667
17980,"Columbus, GA-AL",1,1.1165842928018246,1.167083333,1.276875,1.4479166669999999
15260,"Brunswick, GA",1,1.109989993309208,1.177083333,1.283125,1.455625
25980,"Hinesville, GA",1,1.1167179483170675,1.2039583329999999,1.304166667,1.4973958330000001
35100,"New Bern, NC",1,1.1057747936273516,1.204375,1.298958333,1.440625
47260,"Virginia Beach-Norfolk-Newport News, VA-NC",1,1.1412317513465515,1.245,1.3833333330000002,1.5473958330000002
29420,"Lake Havasu City-Kingman, AZ",1,1.1673540632748072,1.289166667,1.36875,1.4980208330000002
25620,"Hattiesburg, MS",1,1.115543491538866,1.225,1.325,1.459375
25220,"Hammond, LA",1,1.1050721918921207,1.18125,1.2820833329999999,1.420520833
36140,"Ocean City, NJ",1,1.1828809710972503,1.376041667,1.463020833,1.5677083330000001
17780,"College Station-Bryan, TX",1,1.0961396512543444,1.130208333,1.235,1.3441666669999999
12260,"Augusta-Richmond County, GA-SC",1,1.129214991765397,1.211041667,1.321458333,1.5058333330000002
16740,"Charlotte-Concord-Gastonia, NC-SC",1,1.1477016410117165,1.269791667,1.361458333,1.5203125
13380,"Bellingham, WA",1,1.241967179585636,1.3979166669999998,1.478125,1.5583333330000002
34580,"Mount Vernon-Anacortes, WA",1,1.241967179585636,1.3979166669999998,1.478125,1.5583333330000002
19300,"Daphne-Fairhope-Foley, AL",1,1.087253832413307,1.142916667,1.2308333329999999,1.344583333
14740,"Bremerton-Silverdale-Port Orchard, WA",1,1.228862010804747,1.3833333330000002,1.4411458330000002,1.513541667
10780,"Alexandria, LA",1,1.103337176303543,1.138541667,1.256041667,1.419791667
34820,"Myrtle Beach-Conway-North Myrtle Beach, SC-NC",1,1.1091246228129616,1.197083333,1.318333333,1.4558333330000002
45220,"Tallahassee, FL",1,1.0841531041795045,1.132708333,1.218541667,1.373125
46340,"Tyler, TX",1,1.1251090424493433,1.205833333,1.318333333,1.483333333
33660,"Mobile, AL",1,1.0897483404965904,1.132291667,1.24875,1.440729167
21660,"Eugene-Springfield, OR",1,1.2069453117335358,1.376041667,1.4416666669999998,1.509895833
42340,"Savannah, GA",1,1.0977501825635545,1.12375,1.238958333,1.4546875
43420,"Sierra Vista-Douglas, AZ",1,1.1206437001738578,1.246041667,1.319583333,1.4125
33740,"Monroe, LA",1,1.1227808693543384,1.17,1.324166667,1.469791667
11500,"Anniston-Oxford, AL",1,1.114771402499024,1.2279166670000001,1.339583333,1.496875
45500,"Texarkana, TX-AR",1,1.1339988582385334,1.245,1.330625,1.459895833
31020,"Longview, WA",1,1.1936210654244268,1.340833333,1.4125,1.5
47300,"Visalia, CA",1,1.1246940399223908,1.220625,1.282291667,1.3864583330000002
12940,"Baton Rouge, LA",1,1.1012325126585012,1.1470833329999999,1.252916667,1.4394791669999998
41100,"St. George, UT",1,1.1695259608680988,1.265,1.334791667,1.4484375
17020,"Chico, CA",1,1.1389433031248524,1.251145833,1.313541667,1.400520833
49700,"Yuba City, CA",1,1.1389433031248524,1.251145833,1.313541667,1.400520833
46660,"Valdosta, GA",1,1.0929619615654875,1.156666667,1.231875,1.3434375
24420,"Grants Pass, OR",1,1.2516220418720072,1.4479166669999999,1.513541667,1.6354166669999999
29340,"Lake Charles, LA",1,1.0934141325477489,1.132083333,1.2179166670000001,1.3858333330000001
16700,"Charleston-North Charleston, SC",1,1.104039236184103,1.164583333,1.283333333,1.478125
47020,"Victoria, TX",1,1.0888730066552532,1.1125,1.165,1.340833333
21340,"El Paso, TX",1,1.1287375338855794,1.2335416670000001,1.3116666670000001,1.4270833330000001
19660,"Deltona-Daytona Beach-Ormond Beach, FL",1,1.0515606258627506,1.0625,1.116666667,1.224791667
29820,"Las Vegas-Henderson-Paradise, NV",1,1.1496049577197782,1.1975,1.258333333,1.414166667
28660,"Killeen-Temple, TX",1,1.1394727871635424,1.165625,1.324479167,1.4682291669999998
47460,"Walla Walla, WA",1,1.2224832230045737,1.4125,1.5,1.6489583330000002
37860,"Pensacola-Ferry Pass-Brent, FL",1,1.069414294348594,1.0825,1.163125,1.292916667
29180,"Lafayette, LA",1,1.0938129928971905,1.148125,1.238333333,1.3858333330000001
48900,"Wilmington, NC",1,1.1128092177353266,1.223333333,1.330416667,1.4416666669999998
34900,"Napa, CA",1,1.1203148714918454,1.245833333,1.295416667,1.361458333
25940,"Hilton Head Island-Bluffton, SC",1,1.103683772810498,1.210416667,1.28625,1.41375
18700,"Corvallis, OR",1,1.1793204669505393,1.3116666670000001,1.3866666669999999,1.478125
46700,"Vallejo, CA",1,1.1311297157153566,1.271666667,1.322708333,1.390625
25260,"Hanford-Corcoran, CA",1,1.138624972136566,1.241875,1.317083333,1.405208333
10500,"Albany, GA",1,1.094659283592809,1.143333333,1.261875,1.371666667
42660,"Seattle-Tacoma-Bellevue, WA",1,1.1876720695067102,1.325,1.3979166669999998,1.485416667
12420,"Austin-Round Rock-Georgetown, TX",1,1.09020694517205,1.107458333,1.175208333,1.325
29460,"Lakeland-Winter Haven, FL",1,1.0725783790732724,1.076458333,1.130208333,1.3
42700,"Sebring-Avon Park, FL",1,1.0725783790732724,1.076458333,1.130208333,1.3
30980,"Longview, TX",1,1.1205798816715424,1.1975,1.3075,1.426145833
18580,"Corpus Christi, TX",1,1.080088706083714,1.1,1.14375,1.265
46060,"Tucson, AZ",1,1.1149273786269127,1.151875,1.220208333,1.3446875
13140,"Beaumont-Port Arthur, TX",1,1.0887365736985684,1.108958333,1.176666667,1.339583333
23420,"Fresno, CA",1,1.1305357550648245,1.225,1.294375,1.3864583330000002
31460,"Madera, CA",1,1.1305357550648245,1.225,1.294375,1.3864583330000002
23540,"Gainesville, FL",1,1.0770541061410777,1.109791667,1.183333333,1.321979167
38900,"Portland-Vancouver-Hillsboro, OR-WA",1,1.1922161988142703,1.3433333330000001,1.4125,1.4714583330000002
29700,"Laredo, TX",1,1.1119312242038628,1.1318333329999999,1.176875,1.32625
39820,"Redding, CA",1,1.1448505212023143,1.245625,1.30375,1.413125
44700,"Stockton, CA",1,1.127076960503353,1.238333333,1.314583333,1.4125
32900,"Merced, CA",1,1.1197279150706128,1.2179166670000001,1.278333333,1.3441666669999999
41500,"Salinas, CA",1,1.1085520376226574,1.2175,1.258333333,1.309583333
41940,"San Jose-Sunnyvale-Santa Clara, CA",1,1.1085520376226574,1.2175,1.258333333,1.309583333
45300,"Tampa-St. Petersburg-Clearwater, FL",1,1.064205175167037,1.072916667,1.1125,1.200833333
42220,"Santa Rosa-Petaluma, CA",1,1.1273046982684516,1.238541667,1.278125,1.37
40140,"Riverside-San Bernardino-Ontario, CA",1,1.1269628171803017,1.185833333,1.244375,1.3365625
40900,"Sacramento-Roseville-Folsom, CA",1,1.1323801395321005,1.239166667,1.322708333,1.390625
27260,"Jacksonville, FL",1,1.072242287205328,1.090625,1.15625,1.298958333
33700,"Modesto, CA",1,1.1147458954427611,1.204166667,1.271666667,1.3541666669999999
32580,"McAllen-Edinburg-Mission, TX",1,1.0863175488118022,1.1125,1.127916667,1.240208333
42020,"San Luis Obispo-Paso Robles, CA",1,1.0856450266174815,1.190625,1.245,1.3075
35380,"New Orleans-Metairie, LA",1,1.0853431627782282,1.1125,1.165,1.356041667
37100,"Oxnard-Thousand Oaks-Ventura, CA",1,1.05461856979473,1.156666667,1.19125,1.26
35840,"North Port-Sarasota-Bradenton, FL",1,1.0539448617373564,1.0633333329999999,1.08125,1.197083333
12540,"Bakersfield, CA",1,1.1190045571878713,1.2039583329999999,1.271666667,1.332291667
42100,"Santa Cruz-Watsonville, CA",1,1.0872501672521,1.190416667,1.265,1.336875
41860,"San Francisco-Oakland-Berkeley, CA",1,1.1031805978749287,1.186041667,1.245,1.298958333
42680,"Sebastian-Vero Beach, FL",1,1.039310163468659,1.054166667,1.070625,1.124583333
36740,"Orlando-Kissimmee-Sanford, FL",1,1.0510784784998854,1.061041667,1.082291667,1.183541667
37340,"Palm Bay-Melbourne-Titusville, FL",1,1.03746088009038,1.052083333,1.070833333,1.163125
42200,"Santa Maria-Santa Barbara, CA",1,1.0643268045237329,1.168541667,1.211666667,1.274583333
15980,"Cape Coral-Fort Myers, FL",1,1.058550724685082,1.0625,1.076041667,1.111458333
39460,"Punta Gorda, FL",1,1.058550724685082,1.0625,1.076041667,1.111458333
26420,"Houston-The Woodlands-Sugar Land, TX",1,1.0719708570325508,1.103125,1.164583333,1.258333333
31080,"Los Angeles-Long Beach-Anaheim, CA",1,1.0686745972587754,1.136666667,1.17,1.238333333
20940,"El Centro, CA",1,1.1056394914112877,1.147708333,1.159333333,1.201875
41740,"San Diego-Chula Vista-Carlsbad, CA",1,1.0566123441506223,1.163958333,1.184166667,1.218333333
15180,"Brownsville-Harlingen, TX",1,1.0712998791117134,1.097458333,1.117791667,1.2022916670000001
38060,"Phoenix-Mesa-Chandler, AZ",1,1.1165034928333362,1.17,1.19075,1.274166667
49740,"Yuma, AZ",1,1.0951128479005432,1.14875,1.1715,1.1885
34940,"Naples-Marco Island, FL",1,1.0456826479020018,1.055208333,1.082291667,1.116458333
10380,"Aguadilla-Isabela, PR",1,1.0587782997659292,1.039583333,1.048958333,1.071875
32420,"MayagÃ¼ez, PR",1,1.0587782997659292,1.039583333,1.048958333,1.071875
41900,"San GermÃ¡n, PR",1,1.0587782997659292,1.039583333,1.048958333,1.071875
49500,"Yauco, PR",1,1.0761174483371838,1.054166667,1.063541667,1.080208333
38660,"Ponce, PR",1,1.0761174483371838,1.054166667,1.063541667,1.080208333
11640,"Arecibo, PR",1,1.0499751749480777,1.033333333,1.044791667,1.059375
27980,"Kahului-Wailuku-Lahaina, HI",1,1.0059428070829617,1.0125,1.028125,1.048958333
25020,"Guayama, PR",1,1.0686955106442513,1.077083333,1.089583333,1.103125
41980,"San Juan-BayamÃ³n-Caguas, PR",1,1.0686955106442513,1.077083333,1.089583333,1.103125
